Date,Close,High,Low,Open,Volume
,NVDA,NVDA,NVDA,NVDA,NVDA
2022-01-03,30.06613540649414,30.65506088396236,29.730746983010228,29.760693023921544,391547000
2022-01-04,29.23664665222168,30.41250032098128,28.297360780125985,30.221848259188473,527154000
2022-01-05,27.5537166595459,29.362416195459534,27.482846846044094,28.89626592286061,498064000
2022-01-06,28.126672744750977,28.38619937836592,27.015701130720288,27.589652615169747,454186000
2022-01-07,27.197370529174805,28.37023146068801,27.007716072731807,28.089743152747793,409939000
2022-01-10,27.3500919342041,27.418966497963304,25.597289879667642,26.53258345671372,594681000
2022-01-11,27.766332626342773,28.013882007516063,26.79011525228301,27.27323293224692,404089000
2022-01-12,27.948001861572266,28.542915045615825,27.557713300921407,28.015876891332525,383413000
2022-01-13,26.526594161987305,28.428122969014137,26.449732849381693,28.327307108956052,540171000
2022-01-14,26.89292335510254,27.147459927146087,26.16225637616331,26.252092589369937,395832000
2022-01-18,25.855817794799805,26.589479608098458,25.72306063189079,26.212167872798418,424270000
2022-01-19,25.021339416503906,26.494650686731937,25.006367348530603,26.031497074855327,488315000
2022-01-20,24.106006622314453,25.532404328559142,24.03413727893714,25.257905664785326,435181000
2022-01-21,23.331422805786133,24.77778273419863,23.220624940867154,23.464179956119494,718958000
2022-01-24,23.32942771911621,23.33741256836442,20.849953063353034,22.289325901497904,913982000
2022-01-25,22.283334732055664,22.901208567764087,21.9599255139499,22.50493046590802,664616000
2022-01-26,22.73052215576172,24.013181488440807,22.25938174059481,23.1976701459674,755959000
2022-01-27,21.90403175354004,23.951296685258097,21.635520701076413,23.525074371304836,573353000
2022-01-28,22.798398971557617,22.816365835725716,21.257210616048305,21.971906084954014,543774000
2022-01-31,24.44139862060547,24.46435744178253,23.010010647578866,23.1397730138584,564680000
2022-02-01,24.593120574951172,25.09919700704266,23.84648201482847,25.05827132598659,518925000
2022-02-02,25.196020126342773,25.76997157255519,24.508274117112705,25.747014657031233,543419000
2022-02-03,23.904376983642578,25.031320141143613,23.736683738576613,24.413448211145454,410178000
2022-02-04,24.274702072143555,24.590126448449606,23.588953199928845,23.928334026677387,354829000
2022-02-07,24.68296241760254,25.136134095204806,24.15791947035122,24.327609917836003,376868000
2022-02-08,25.062265396118164,25.18404291329778,23.936319797452178,24.314629156787657,410359000
2022-02-09,26.656356811523438,26.67632083848713,25.306820193092953,25.57532931141932,524282000
2022-02-10,25.776960372924805,26.875954707575385,25.55336936906097,25.94765032405226,513200000
2022-02-11,23.90537452697754,26.104362619629715,23.72969643389119,25.868792450202136,605472000
2022-02-14,24.222795486450195,24.829687757041498,23.711727108768542,23.89040189571466,440424000
2022-02-15,26.446741104125977,26.49664926929146,24.738857190230586,24.903555658376252,699869000
2022-02-16,26.462709426879883,26.533581150068464,25.505456627808513,26.211169545948387,732676000
2022-02-17,24.462360382080078,25.7380323786974,24.12098428061529,25.583314026352607,810595000
2022-02-18,23.59893798828125,24.940489851461738,23.057925385234288,24.62306827367426,761255000
2022-02-22,23.347394943237305,24.02016705160959,22.95810593018272,22.993042026027393,633422000
2022-02-23,22.346220016479492,24.11100106367805,22.260378132245002,23.758643432316834,566511000
2022-02-24,23.704744338989258,23.75664967134235,20.85195012786592,20.976722451568083,735801000
2022-02-25,24.112998962402344,24.17288914266841,23.33841333215444,23.67779419345299,528866000
2022-02-28,24.3405818939209,24.620072547178175,23.663817402933745,23.948298110769585,477319000
2022-03-01,23.434232711791992,24.332594761572043,23.08986186195906,24.246750980657083,412056000
2022-03-02,24.18000030517578,24.3686892557631,23.376331351543982,23.716767798485705,389642000
2022-03-03,23.67483901977539,24.28582786565828,23.430242778868017,24.22193247470261,365095000
2022-03-04,22.898122787475586,23.640893578473943,22.444872081015294,23.345382884792695,431415000
2022-03-07,21.316740036010742,22.994965806817614,21.294777005132957,22.77932098647633,450821000
2022-03-08,21.478473663330078,22.336054441897694,20.615900074959253,21.273812257975578,557467000
2022-03-09,22.97599220275879,23.181651368149517,22.210258709065023,22.350026889020018,492742000
2022-03-10,22.620582580566406,22.75036705531013,21.845863124303154,22.493791506270135,428066000
2022-03-11,22.06350326538086,23.106777572967157,22.00959159077199,22.98397960489083,367209000
2022-03-14,21.294775009155273,22.225235088059737,21.124057875227315,21.83288444881525,385354000
2022-03-15,22.935060501098633,22.99995368914288,21.28678799668495,21.48246345674619,491996000
2022-03-16,24.455543518066406,24.556376542287087,23.133730786135207,23.46118818879668,671422000
2022-03-17,24.725101470947266,24.80097427146113,23.86652109001877,24.080168385088534,471941000
2022-03-18,26.409313201904297,26.52512276051768,24.58333514335811,24.758045377216146,730719000
2022-03-21,26.689851760864258,27.10716266483215,25.92411815693594,26.463227335855564,591727000
2022-03-22,26.480199813842773,27.19302145213281,26.02894655826713,26.68286370665525,547007000
2022-03-23,25.5916690826416,26.56805276024476,25.53276649933288,26.082855274149125,502120000
2022-03-24,28.103511810302734,28.273231143042416,25.864215941656777,26.12278899769975,877379000
2022-03-25,27.646270751953125,28.311171330479556,27.2259664349461,27.83995063729198,579016000
2022-03-28,28.172395706176758,28.203344646253708,27.161068205368995,27.710161013567436,425494000
2022-03-29,28.608675003051758,28.89819508039795,27.933790817045423,28.647610153117842,488984000
2022-03-30,27.644271850585938,28.448940537214433,27.457580397748032,28.257258179479766,463487000
2022-03-31,27.24094009399414,28.20135137211819,27.224967673622178,27.736121305304053,523440000
2022-04-01,26.667884826660156,27.45059044090147,26.223620052142195,27.329789983863368,517235000
2022-04-04,27.314817428588867,27.51249039934316,26.569051307297613,26.68386116410857,397120000
2022-04-05,25.88817596435547,27.27388423698452,25.77735921455071,27.208991048164048,436615000
2022-04-06,24.36669158935547,25.258216455379504,23.963359462965737,24.892821678875816,703833000
2022-04-07,24.168025970458984,24.681177151050353,23.439231862653937,24.40064102393103,557992000
2022-04-08,23.08082389831543,23.883497134746733,23.02391881253818,23.877506524391517,524781000
2022-04-11,21.88080596923828,22.283140331070456,21.624230410844092,22.177316385439557,575207000
2022-04-12,21.46848487854004,22.687469011899285,21.24685139974745,22.499779776636807,662258000
2022-04-13,22.166332244873047,22.46284265142002,21.419568327663896,21.692118201146528,516943000
2022-04-14,21.222890853881836,22.739383160755054,21.128048436273925,22.467831116909583,569097000
2022-04-18,21.747024536132812,22.051519204129075,21.04418677754343,21.16498722557269,525701000
2022-04-19,22.161340713500977,22.336050945283077,21.27879983247337,21.68412947440656,512781000
2022-04-20,21.446523666381836,22.632561456576205,21.16498978967486,22.479814251969298,468974000
2022-04-21,20.149667739868164,22.3550191451723,19.966969406159023,21.673146576309186,656209000
2022-04-22,19.482769012451172,20.452166008773766,19.467794395336746,20.269467682344,624713000
2022-04-25,19.869136810302734,19.912065074392356,19.064467979308414,19.17029193905454,641566000
2022-04-26,18.756975173950195,19.755323857541587,18.639169998819227,19.68543975436203,653143000
2022-04-27,18.38458824157715,19.135345204510386,18.25979468111311,18.567284673540673,499460000
2022-04-28,19.749330520629883,20.00391046614627,18.45946438232982,18.93567592267168,570327000
2022-04-29,18.516372680664062,20.09476121936068,18.486421536646326,19.36996029108147,500435000
2022-05-02,19.500743865966797,19.541674619381574,18.36062958323576,18.510381490228006,572049000
2022-05-03,19.569629669189453,19.792262897480043,19.10140428590386,19.367963575504675,475751000
2022-05-04,20.300418853759766,20.366309842188915,18.720032931591277,19.890098304423287,648855000
2022-05-05,18.812881469726562,19.892095715504983,18.469449677687027,19.83419283544988,626331000
2022-05-06,18.6441593170166,19.479776987402545,17.9602910601571,18.705059404144578,633297000
2022-05-09,16.922006607055664,18.22484970535877,16.79920865366026,18.00421593681167,644455000
2022-05-10,17.56593894958496,18.16794365873141,16.99688068125273,17.659783559609647,761474000
2022-05-11,16.602535247802734,17.723681745955233,16.540639268818456,17.318352104897787,670167000
2022-05-12,16.148286819458008,16.760275340770292,15.54129205927987,16.19221477965003,708728000
2022-05-13,17.676755905151367,17.898389368802498,16.56559518696394,16.76027281764162,670437000
2022-05-16,17.23548698425293,17.75862172154425,17.07774889432001,17.480083183897694,521446000
2022-05-17,18.146982192993164,18.340662061342744,17.604879645007628,18.044151649393452,585830000
2022-05-18,16.9100284576416,18.088080120418184,16.836151254717954,17.67576203844638,545161000
2022-05-19,17.095720291137695,17.65779022337762,16.70636308062832,16.909028847119362,621310000
2022-05-20,16.666433334350586,17.38125060287998,15.728983781594074,17.303380288329137,739105000
2022-05-23,16.870092391967773,16.8870645132197,16.15228001190613,16.247122426715357,639889000
2022-05-24,16.1273250579834,16.56959434694959,15.753943028692941,16.482738112222926,588550000
2022-05-25,16.946971893310547,17.082747015272282,15.973581396143212,15.99354882989622,781132000
2022-05-26,17.821517944335938,18.062119142940787,15.995538164118956,16.009514981430453,996575000
2022-05-27,18.779935836791992,18.849819932258,18.070109559332337,18.15596797841863,738379000
2022-05-31,18.641164779663086,19.168292685705072,18.319696047812112,18.948654788721765,664100000
2022-06-01,18.28974723815918,19.021536611568727,18.09207424818962,18.69308133274079,544514000
2022-06-02,19.559642791748047,19.586598627684122,18.16794588692091,18.26179050845508,648656000
2022-06-03,18.689085006713867,19.300075763375936,18.49141203066995,19.050488614708392,598779000
2022-06-06,18.754974365234375,19.305064987096657,18.533340874652392,19.107392028269373,422406000
2022-06-07,18.894746780395508,18.96862398496373,18.15796462255959,18.441496029776626,388914000
2022-06-08,18.621143341064453,19.152376728279737,18.508305218350245,18.771924937163966,363252000
2022-06-09,18.02200698852539,18.905732609818287,18.015017100638353,18.454383930882635,395574000
2022-06-10,16.94955062866211,17.671508752316218,16.844700429049166,17.574648354657395,465248000
2022-06-13,15.62446403503418,16.288506201555297,15.5835227213971,15.976955298962904,604153000
2022-06-14,15.813189506530762,16.04285774637473,15.389799517519151,15.708340258379813,469680000
2022-06-15,16.503192901611328,16.843701287082457,15.903057871289542,16.071814095296862,563936000
2022-06-16,15.57852840423584,15.919037789492796,15.378816671462324,15.837155169600095,545749000
2022-06-17,15.857126235961914,15.971960359046658,15.305921302394394,15.625460063082594,630334000
2022-06-21,16.542139053344727,16.983501852392877,16.38336767373331,16.451270521864426,483089000
2022-06-22,16.336437225341797,16.638002299046885,16.156696175443187,16.20262944908796,437135000
2022-06-23,16.201629638671875,16.561109793946137,15.830164779980462,16.49520487660904,463680000
2022-06-24,17.101329803466797,17.115309575809757,16.286505249789357,16.476232092016044,472153000
2022-06-27,16.84470558166504,17.30504211411119,16.6020555077845,17.287068387268512,427968000
2022-06-28,15.958982467651367,17.17722469170507,15.922035101272286,16.875659597853236,461149000
2022-06-29,15.519615173339844,15.797214656967059,15.148151212027244,15.791223732823655,482352000
2022-06-30,15.137166023254395,15.544578349949315,14.840593877871374,15.338874735915367,686070000
2022-07-01,14.502080917358398,15.041303066342433,14.371270043261264,14.877539732875723,577610000
2022-07-05,14.9424467086792,14.949436595922805,14.03475652125701,14.154583567847698,651397000
2022-07-06,15.108205795288086,15.29693367587243,14.767696439592328,14.988378766026717,529066000
2022-07-07,15.835156440734863,15.922031011058962,15.366832169769065,15.433736045178701,492903000
2022-07-08,15.815185546875,16.01389924404227,15.366831976463677,15.407773281359109,467972000
2022-07-11,15.130173683166504,15.504633488551995,15.016337582356337,15.503634525295542,437321000
2022-07-12,15.060275077819824,15.408772341747861,14.85557044400225,15.246007026649878,458483000
2022-07-13,15.142155647277832,15.352852141295745,14.444163158796897,14.568983094904992,521918000
2022-07-14,15.349857330322266,15.450711678494367,14.706784918969744,15.086237666862278,456235000
2022-07-15,15.739297866821289,15.759268565360502,15.422754057573485,15.636446531437638,385935000
2022-07-18,16.07780647277832,16.87265936890784,15.97895005662933,16.27851714722755,670517000
2022-07-19,16.967525482177734,17.08535554670121,16.14870690622852,16.462253801166636,702366000
2022-07-20,17.781349182128906,17.90716904198324,16.776799657559938,16.922589260993277,760538000
2022-07-21,18.024002075195312,18.117866551176544,17.519730257668552,17.859240712784164,557049000
2022-07-22,17.29405403137207,17.94111946651388,17.112315071094837,17.867226650028243,536671000
2022-07-25,16.999479293823242,17.099335637655976,16.625019432901492,16.994485429100866,480748000
2022-07-26,16.50918960571289,16.894633356577405,16.45426851368112,16.864675877850544,397865000
2022-07-27,17.764375686645508,17.910165292626324,16.888638135113293,17.007466206039837,569776000
2022-07-28,17.958093643188477,18.113869065284593,17.41487854474153,17.9491077350413,474646000
2022-07-29,18.136838912963867,18.21772161938443,17.666516650418973,17.787342656791314,435460000
2022-08-01,18.414440155029297,18.818857535494043,17.964089498853447,18.155812405222676,476469000
2022-08-02,18.49931526184082,18.910722495389777,18.065940355800908,18.09589783114426,489527000
2022-08-03,18.86578369140625,18.940676413397988,18.110872215029424,18.15780539379247,418146000
2022-08-04,19.18732261657715,19.24623764744697,18.7329780806761,18.82185058481239,409652000
2022-08-05,18.96164894104004,19.201303021248535,18.639114229543424,18.78290591582799,386068000
2022-08-08,17.76737403869629,18.21273276706943,17.21716889156184,17.476794671747633,981859000
2022-08-09,17.061389923095703,17.421870002931122,16.69991183217635,17.227151183891166,668263000
2022-08-10,18.070934295654297,18.09190395710125,17.292057074907298,17.672508823560776,597422000
2022-08-11,17.916160583496094,18.680060177457808,17.850255647461086,18.10488948031559,509327000
2022-08-12,18.682050704956055,18.691038518199683,17.927139148933303,18.13384171212563,478094000
2022-08-15,19.004587173461914,19.136397019049713,18.586191952825764,18.674064548350493,457666000
2022-08-16,18.851808547973633,19.114430240289973,18.474352717118556,18.892749861924315,451240000
2022-08-17,18.30858612060547,18.661078237142025,18.11886120140195,18.49631692261255,446799000
2022-08-18,18.74595832824707,18.83782485814622,18.15680806715107,18.27463811937027,415447000
2022-08-19,17.82328987121582,18.493322839399585,17.744403196488058,18.37948673370404,441588000
2022-08-22,17.009462356567383,17.53270768486589,16.94155952049922,17.464804848797726,409593000
2022-08-23,17.156253814697266,17.43984516322094,16.94555727793766,16.96453091770443,369986000
2022-08-24,17.19719696044922,17.38093197849024,16.870668241762502,16.98749841250807,522661000
2022-08-25,17.887197494506836,17.92114891568409,16.808753246519775,16.819737081700367,770691000
2022-08-26,16.23657989501953,17.89818268593195,16.21361230728249,17.831279754143317,769127000
2022-08-29,15.778240203857422,16.314466422893805,15.744289732907449,15.996925575894142,496132000
2022-08-30,15.445720672607422,16.01589736454598,15.160132368788158,15.937011634223913,530181000
2022-08-31,15.072258949279785,15.517616644220695,14.937453170398651,15.36184120448703,573710000
2022-09-01,13.916924476623535,14.359286189468056,13.250885451387843,14.188532029476727,1178865000
2022-09-02,13.627342224121094,14.150586633370288,13.571422181905431,14.079689759971137,743157000
2022-09-06,13.44560432434082,13.759152148617861,13.331768217096759,13.711220955609713,535751000
2022-09-07,13.69831657409668,13.822175317795232,13.330737384228483,13.547489233117243,512657000
2022-09-08,13.974000930786133,13.991980948177812,13.35371176390653,13.443608040530112,624873000
2022-09-09,14.370546340942383,14.457446736398632,14.109845154573632,14.140808885903576,486612000
2022-09-12,14.488411903381348,14.530363688437092,14.181762834747161,14.352567755795985,484159000
2022-09-13,13.115983009338379,13.90607879086274,13.084020015919732,13.786216136667264,714956000
2022-09-14,13.11298656463623,13.274800997891466,12.89823229463527,13.238841917417972,588507000
2022-09-15,12.914212226867676,13.21786442473492,12.775371270484028,13.00011430549963,523625000
2022-09-16,13.182906150817871,13.196890078847183,12.602570279850505,12.727427324445726,670751000
2022-09-19,13.366695404052734,13.447603094631756,12.995121107659504,12.997118675530748,569685000
2022-09-20,13.160930633544922,13.467579686600898,13.042067248592078,13.19988654096315,524818000
2022-09-21,13.245834350585938,14.014954232937612,13.095007011890376,13.197889860840233,807679000
2022-09-22,12.546634674072266,13.133962514032186,12.413787356667864,13.05505238869771,759162000
2022-09-23,12.501686096191406,12.596577717875299,12.242982472153528,12.405796166827699,663309000
2022-09-26,12.21401596069336,12.644523785356407,12.200032031813773,12.476715686217661,547343000
2022-09-27,12.398804664611816,12.721435237771948,12.243982188527069,12.492697029529888,553854000
2022-09-28,12.721434593200684,12.808334989361853,12.339871496224669,12.395807208221072,542414000
2022-09-29,12.206025123596191,12.485704640827295,11.932338310214531,12.433764063797438,532763000
2022-09-30,12.125118255615234,12.618553771004274,12.06119131394908,12.073177675047967,565638000
2022-10-03,12.497690200805664,12.663500713610109,12.091155142665752,12.332878948203971,547478000
2022-10-04,13.15194034576416,13.204880177780431,12.864269632842998,12.864269632842998,584182000
2022-10-05,13.193892478942871,13.305764849217423,12.606565630898162,12.896233919312582,507131000
2022-10-06,13.114983558654785,13.640382004344312,13.088014011333936,13.204880779612797,644157000
2022-10-07,12.062189102172852,12.6555096175301,12.00825096010252,12.4906983632642,672478000
2022-10-10,11.656654357910156,12.110134687053332,11.394953895179079,12.023234286244145,698699000
2022-10-11,11.572750091552734,11.832452018105652,11.270096168446733,11.54777811129904,667482000
2022-10-12,11.486846923828125,11.721577800645838,11.332024471143402,11.565757040394997,492590000
2022-10-13,11.94632339477539,12.064188488476074,10.800634713590224,10.958454027905521,850103000
2022-10-14,11.21415901184082,12.097147734546256,11.191185555034522,12.043209597765438,713432000
2022-10-17,11.87440299987793,11.93433479585558,11.503827982743358,11.504826290335897,580774000
2022-10-18,11.953313827514648,12.477713024942323,11.604712987742495,12.329882522874023,659362000
2022-10-19,12.037216186523438,12.335874941400306,11.820464374886607,11.865412981880052,523131000
2022-10-20,12.180054664611816,12.754396879534767,12.091155747711756,12.09914697198284,652398000
2022-10-21,12.451741218566895,12.483705158613553,11.873403948388763,12.084162099823214,609494000
2022-10-24,12.584589958190918,12.695463063675424,12.050202013147084,12.493694435085107,517457000
2022-10-25,13.245834350585938,13.284790260624495,12.64951696009475,12.679483337842468,505482000
2022-10-26,12.881251335144043,13.372688283527417,12.693466616606672,12.854282739652131,532953000
2022-10-27,13.160930633544922,13.822174178761271,13.10699249084429,13.614411879420391,583113000
2022-10-28,13.818178176879883,13.834160625070403,13.04606246592636,13.089013509344072,521040000
2022-10-31,13.48156452178955,13.822175109237515,13.281793433045827,13.762243306322553,486341000
2022-11-01,13.527511596679688,13.909074687035073,13.50353887693043,13.795204744517916,432817000
2022-11-02,13.20388126373291,14.193748030149589,13.195890992521164,13.834160105863875,672628000
2022-11-03,13.405652046203613,13.765240980626356,12.941184593547154,13.028084998676984,500065000
2022-11-04,14.139810562133789,14.21272702962129,13.681334912820548,13.970004907215351,612576000
2022-11-07,14.284645080566406,14.39551820241561,13.938042738906823,14.211728608772217,410061000
2022-11-08,14.585301399230957,14.873970457033804,14.199742196046007,14.784073228557606,595292000
2022-11-09,13.760244369506836,14.1947472778125,13.743263614321469,14.145802580057572,454414000
2022-11-10,15.731986999511719,15.754960458571857,14.530362781058232,14.783073688470592,700819000
2022-11-11,16.30832862854004,16.37025800166278,15.464295629433527,15.788923779288627,655487000
2022-11-14,16.276365280151367,16.521085938920052,15.903791694360095,16.19945367187668,527852000
2022-11-15,16.646940231323242,16.978559364673853,16.363264632731703,16.70287594284823,545876000
2022-11-16,15.891805648803711,16.343288419851884,15.854848258100025,16.143518276953394,649547000
2022-11-17,15.659069061279297,16.24739607801272,15.517231279407225,15.697025704461035,710894000
2022-11-18,15.391377449035645,15.983699658999894,15.102707461635465,15.947739627372425,492072000
2022-11-21,15.299483299255371,15.459300164906633,15.062753876386287,15.129677641354991,404739000
2022-11-22,16.0196590423584,16.03963662758918,15.104706214596387,15.310470960588445,472866000
2022-11-23,16.50010871887207,16.50810089643016,16.029648567735606,16.079590627928166,427241000
2022-11-25,16.251392364501953,16.4681432353888,16.153504874424023,16.29933780193483,167934000
2022-11-28,15.808899879455566,16.338294456377017,15.70701724317918,16.007671708290847,303741000
2022-11-29,15.621114730834961,15.913779868644749,15.502251340847867,15.808899454307763,298384000
2022-11-30,16.907970428466797,16.914964181032015,15.583147881912108,15.68305849672562,565298000
2022-12-01,17.119781494140625,17.249665193995767,16.62022557743616,16.98390260494698,470977000
2022-12-02,16.861011505126953,16.917961995078077,16.43039452961162,16.644205172795033,371389000
2022-12-05,16.595251083374023,16.979909435612054,16.45737313825051,16.66419005593578,352255000
2022-12-06,15.97280216217041,16.55828121576056,15.804951144521732,16.515320136499295,352694000
2022-12-07,16.105682373046875,16.17162373381162,15.653083725365772,15.75799095539726,372388000
2022-12-08,17.15375518798828,17.16374653703669,15.944828632300213,16.258550894324397,515456000
2022-12-09,16.98590087890625,17.56738473701974,16.959924899441535,17.144760067530523,465338000
2022-12-12,17.519428253173828,17.522425848254887,16.782084655498647,17.02187129977988,457328000
2022-12-13,18.055950164794922,18.773312896973106,17.695270719801442,18.51454214589469,656589000
2022-12-14,17.658302307128906,18.235789967514442,17.40452819143462,17.97102403616242,496888000
2022-12-15,16.93694305419922,17.304616230476075,16.6851679759373,17.130770989108214,478542000
2022-12-16,16.55628204345703,17.02586584479586,16.395425732702005,16.84902299700821,478232000
2022-12-19,16.23956298828125,16.594247221687603,16.130660548556378,16.557281335013183,354039000
2022-12-20,16.070714950561523,16.295515522534085,15.837923015061076,16.049733690887738,403260000
2022-12-21,16.486345291137695,16.61223475025076,16.087699466198302,16.09968984594943,325025000
2022-12-22,15.325377464294434,16.1236686264642,14.868783538656384,16.07970707700127,565045000
2022-12-23,15.19249439239502,15.325375682771872,14.869781326012285,15.182503045694233,349326000
2022-12-27,14.108457565307617,15.08658807763163,14.043514766805655,15.06061114879629,464902000
2022-12-28,14.02353572845459,14.249334863819179,13.871670283599162,13.91463231895457,351066000
2022-12-29,14.590031623840332,14.669960504329158,14.214366076108336,14.389210859487921,354923000
2022-12-30,14.601022720336914,14.61600879014983,14.220360539588007,14.321270681348357,310490000
2023-01-03,14.302287101745605,14.982683046541192,14.083481722564576,14.837811356872233,401277000
2023-01-04,14.735902786254883,14.839810527857608,14.228354459163457,14.554065191277584,431324000
2023-01-05,14.252331733703613,14.55106598124575,14.135435060959392,14.478130857579426,389168000
2023-01-06,14.845804214477539,14.996670137157544,14.02153707163228,14.461145896873958,405044000
2023-01-09,15.614121437072754,16.04174083826341,15.127553464181608,15.270427071771651,504231000
2023-01-10,15.894871711730957,15.947824139665439,15.458259534317742,15.493228298581526,384101000
2023-01-11,15.986787796020508,16.01376424221786,15.549177090180791,15.82593149314411,353285000
2023-01-12,16.496334075927734,16.622221609826266,15.478239131308847,16.085699840694257,551409000
2023-01-13,16.88399314880371,16.906973440367825,16.150645718524004,16.26354433312093,447287000
2023-01-17,17.686279296875,17.712257183113643,16.883992908954816,16.883992908954816,511102000
2023-01-18,17.361570358276367,17.857128303594102,17.266653496873438,17.651311852780974,439624000
2023-01-19,16.750106811523438,17.18172417292038,16.71613852346641,17.020865987047628,452932000
2023-01-20,17.823156356811523,17.840141455842918,16.81005703807903,16.995890753129473,564967000
2023-01-23,19.175954818725586,19.227908681444084,17.80217600427692,18.04795590708496,655163000
2023-01-24,19.247888565063477,19.47768573151411,18.80328411093273,18.810277863168658,496204000
2023-01-25,19.30583953857422,19.3527986829265,18.56349935328675,18.896203804799455,449537000
2023-01-26,19.784412384033203,20.14808940810905,19.260877620574167,19.683502257509613,489535000
2023-01-27,20.346912384033203,20.609679285685996,19.3877659327664,19.444714514869208,542142000
2023-01-30,19.144983291625977,20.12211348530926,19.132992911894107,19.932283592332396,488611000
2023-01-31,19.519651412963867,19.669517828864823,18.933172787295593,19.15297673690667,498017000
2023-02-01,20.92440414428711,21.173181684205844,19.59358618173471,19.673515068318174,660477000
2023-02-02,21.689722061157227,21.929508712689163,20.681619180419844,20.98135201842104,564276000
2023-02-03,21.081260681152344,21.725688289860823,20.770536068653296,20.98134911376539,429366000
2023-02-06,21.07027244567871,21.550844283584937,20.767540124697106,20.78752282089384,452197000
2023-02-07,22.153308868408203,22.239232935371913,21.13121666091227,21.363010976269244,664150000
2023-02-08,22.185277938842773,22.85768053067308,21.988452406748905,22.36711549775643,559651000
2023-02-09,22.317163467407227,22.999557491709666,22.10035711997715,22.58592558750438,523876000
2023-02-10,21.246112823486328,22.058390480944603,20.792517477854553,21.67073650199082,550737000
2023-02-13,21.768648147583008,22.02841744596163,20.94338158194869,21.51887019594832,474919000
2023-02-14,22.950597763061523,23.028527599015316,21.347021880342634,21.558833474621213,675474000
2023-02-15,22.743783950805664,22.834702740208446,22.086369260238467,22.528974733051307,420575000
2023-02-16,21.98246192932129,22.529973707597556,21.907527770818145,22.113344207439248,412026000
2023-02-17,21.369003295898438,21.720689926877206,20.95637002293319,21.611787489581182,465888000
2023-02-21,20.636653900146484,21.474907454748386,20.599686109819366,20.98134676815922,410015000
2023-02-22,20.735572814941406,21.085262440873937,20.402868293373086,20.688615566356365,513184000
2023-02-23,23.642982482910156,23.866784468278883,23.004550068861985,23.419182403196057,1117995000
2023-02-24,23.265317916870117,23.4531525765487,22.92662020294301,23.204373176224866,589716000
2023-02-27,23.480125427246094,23.85878850275968,23.433168194948315,23.648975943367386,452994000
2023-02-28,23.19538116455078,23.803841462170766,23.18538981700552,23.351242756078413,455963000
2023-03-01,22.677841186523438,23.23534617422928,22.488009397581543,23.1714019321177,460026000
2023-03-02,23.29329490661621,23.359236279299715,22.412078207513495,22.46803013779007,389415000
2023-03-03,23.868783950805664,23.878775299015683,23.109458637737486,23.299290442418233,412393000
2023-03-06,23.533082962036133,24.226464971153543,23.46614112197271,23.869783571567154,437429000
2023-03-07,23.271270751953125,24.107669371173664,23.224303630876733,23.583046895587337,515154000
2023-03-08,24.16362762451172,24.182614980874536,23.407171499495316,23.470125964528833,513573000
2023-03-09,23.419164657592773,24.436432986839232,23.36620132941234,24.157632182310337,501257000
2023-03-10,22.948497772216797,23.610022722420027,22.70966919461569,23.392178962977713,474866000
2023-03-13,22.94949722290039,23.28125939386339,22.28097921836798,22.735652198682082,421890000
2023-03-14,24.04570960998535,24.201597655704894,23.443142246378383,23.479117583684822,474910000
2023-03-15,24.21059226989746,24.268549253766167,23.34321591719625,23.743926859434243,524486000
2023-03-16,25.52265167236328,25.569616885886756,23.87683361412043,24.009739393277343,583253000
2023-03-17,25.70651626586914,26.380031764985397,25.649556108835185,25.963331573852056,848547000
2023-03-20,25.881393432617188,26.005304901728657,25.11194613206901,25.596598324982075,432747000
2023-03-21,26.1801815032959,26.37304367046854,25.36277015957105,26.16119605000888,547408000
2023-03-22,26.448984146118164,27.569179039359145,26.218149211334993,26.406013865923246,797295000
2023-03-23,27.171466827392578,27.479246134070134,26.67082727892322,27.095521209927526,564889000
2023-03-24,26.759763717651367,27.147485501476414,26.33606849437024,27.011583511779637,454920000
2023-03-27,26.51194190979004,26.980604872002896,26.346060787962443,26.817721854374156,361026000
2023-03-28,26.39102554321289,26.493952183116342,25.831428409730925,26.427999616163653,356104000
2023-03-29,26.96461296081543,27.05854529054868,26.57789186488892,26.80572870176275,393694000
2023-03-30,27.363325119018555,27.479242902984097,27.082526876348233,27.209436436763664,364516000
2023-03-31,27.757043838500977,27.814002093547877,27.08552575743304,27.12050045894926,433933000
2023-04-03,27.944904327392578,27.979879023693954,27.316356620461825,27.48923263702463,398716000
2023-04-04,27.43327522277832,27.979883109323673,27.287380209480947,27.945907140533155,368592000
2023-04-05,26.8616886138916,26.97860323194469,26.37603770604206,26.809725926097446,515015000
2023-04-06,27.017574310302734,27.060542682492247,26.408011991275014,26.564898773568984,397654000
2023-04-10,27.559188842773438,27.60115848871077,26.64984270217428,26.8037314039445,395279000
2023-04-11,27.14948272705078,27.7700368974792,27.106512443675086,27.704084326370346,314378000
2023-04-12,26.475967407226562,27.448267998262256,26.429000286629734,27.350338826268704,446259000
2023-04-13,26.443984985351562,26.867680116770625,26.310082396202247,26.71479017326276,353615000
2023-04-14,26.7387752532959,26.863685447596264,26.201161670292343,26.48495802818626,395660000
2023-04-17,26.98260498046875,26.98660181751689,26.41401345533699,26.545918607818447,321471000
2023-04-18,27.647123336791992,28.08980587035403,27.33734658015157,27.513220733188845,604812000
2023-04-19,27.910934448242188,27.979885123404387,27.212437196433893,27.341344234615143,358660000
2023-04-20,27.084529876708984,28.009865277348137,26.980604493838346,27.651122006909958,427713000
2023-04-21,27.099515914916992,27.163471016898853,26.70280177882077,26.93263607855508,345103000
2023-04-24,27.022573471069336,27.3463401223145,26.6518396991607,26.993594974901516,339282000
2023-04-25,26.22214698791504,27.227424769103525,26.20615964157671,27.058545558051136,378527000
2023-04-26,26.936635971069336,27.310367863179685,26.685816821754994,26.98260436101404,406337000
2023-04-27,27.206438064575195,27.47524579555114,26.60587004830021,27.343340667497472,377161000
2023-04-28,27.729066848754883,27.73805925519881,27.0515524922884,27.205443100319112,292216000
2023-05-01,28.889232635498047,29.037127037812535,27.76004519843114,27.820001564351713,570329000
2023-05-02,28.189733505249023,28.8152851546486,28.062825837713117,28.659397085141,402730000
2023-05-03,27.782024383544922,28.346618966238957,27.452261563896183,27.81999718738194,383387000
2023-05-04,27.542200088500977,27.838985705920198,27.220430905977167,27.631134947468425,321850000
2023-05-05,28.659393310546875,28.734338278376264,27.711075775424575,27.80600683039974,361494000
2023-05-08,29.130054473876953,29.199005142283028,28.329631292767775,28.501506691508787,344979000
2023-05-09,28.55047035217285,28.952181934648433,28.42955890918882,28.878235699687504,314869000
2023-05-10,28.86425018310547,29.092087035721274,28.440554984400553,28.98416291165598,369350000
2023-05-11,28.55746841430664,28.92920281280788,28.225708100280915,28.875240753032415,322149000
2023-05-12,28.31964111328125,28.75932555742639,28.0258516933964,28.50850451507824,274222000
2023-05-15,28.932201385498047,28.948190639404935,28.131778076973347,28.48752134610021,293926000
2023-05-16,29.1920108795166,29.848540343495443,28.811286001539706,28.820278407031964,449405000
2023-05-17,30.15631866455078,30.177303485997825,29.408856859607813,29.562745550219454,432535000
2023-05-18,31.655237197875977,31.805129033839208,30.29821319008622,30.38814867285978,748725000
2023-05-19,31.241535186767578,31.5573081096688,30.89378566916279,31.513339100715076,473908000
2023-05-22,31.153602600097656,31.497355320509914,30.6579586551832,30.878798645513424,372000000
2023-05-23,30.665950775146484,31.265520063724964,30.608992521832057,30.977726881446422,356253000
2023-05-24,30.51605796813965,30.585008634281714,29.78458357347646,30.188292620825063,721419000
2023-05-25,37.95271682739258,39.45163931099555,36.60868178060233,38.49532603456111,1543911000
2023-05-26,38.91802215576172,39.14186026874579,37.523025068553636,37.86278098088601,714397000
2023-05-30,40.08218765258789,41.90787495219455,39.9203052702445,40.56584114605257,923401000
2023-05-31,37.806819915771484,40.26605048436658,37.794827499647134,39.45963102120487,1002580000
2023-06-01,39.74142837524414,40.02122599416547,38.312455429541636,38.461346644765726,635873000
2023-06-02,39.29874801635742,40.470905694517505,39.02994025365944,40.06819532279912,482731000
2023-06-05,39.142852783203125,39.536566845486995,38.67918551658004,38.88104002202249,396094000
2023-06-06,38.6262321472168,39.13186917948289,38.1205951149507,38.802108217891856,388729000
2023-06-07,37.45194625854492,39.474703297474356,37.33301997819247,38.89106290280478,511998000
2023-06-08,38.4863166809082,38.84009908086617,37.481937448389274,37.70080073139002,417772000
2023-06-09,38.746158599853516,39.68657800450454,38.54328432045777,39.01299269857506,427717000
2023-06-12,39.45771789550781,39.505688712065734,38.59425082216785,39.17589363712525,388701000
2023-06-13,40.99677276611328,41.07572656375004,39.7155634535016,40.16128833058989,613208000
2023-06-14,42.97056198120117,42.97355848950876,40.52706195042267,40.79889786437232,740465000
2023-06-15,42.62677001953125,43.26238049136282,42.121080670450745,42.57580269390377,568622000
2023-06-16,42.665740966796875,43.694107345246216,42.634757991858756,43.423274132181255,655709000
2023-06-20,43.78105163574219,43.962942703926494,42.64775030627481,42.97155231998725,451153000
2023-06-21,43.018524169921875,43.58817710973732,42.05412133448667,43.47424499683379,551603000
2023-06-22,42.998538970947266,43.39928949924953,42.208025110021616,42.227010618169004,417737000
2023-06-23,42.183040618896484,42.78267008713115,41.98915968711272,42.437884858454254,358140000
2023-06-26,40.60700988769531,42.73769860364241,40.07533559160771,42.434883556150716,594322000
2023-06-27,41.85024642944336,41.91420624707346,40.4231270343507,40.773909101453334,462175000
2023-06-28,41.09170913696289,41.81926197798382,40.49307856329963,40.634989509868575,582639000
2023-06-29,40.7968864440918,41.57440772587382,40.575022888113864,41.532433745680734,380514000
2023-06-30,42.27598190307617,42.52383047806392,41.47547583911563,41.65436660593907,501148000
2023-07-03,42.38691329956055,42.87161562417635,42.17604453301068,42.49084942883537,198209000
2023-07-05,42.29097366333008,43.150441505603716,42.05911410135034,42.10908258566203,323618000
2023-07-06,42.07710647583008,42.1530599478422,41.32057207606587,41.81826689432813,303582000
2023-07-07,42.47686004638672,43.187425147164426,42.154060635419896,42.29597160095548,355881000
2023-07-10,42.154056549072266,42.78466895683642,41.62338110912279,42.630764348967396,353908000
2023-07-11,42.37891387939453,42.73169737637386,42.04112435772908,42.4548673424452,298244000
2023-07-12,43.874996185302734,43.90797683237442,42.750688175915705,43.00653122808704,481277000
2023-07-13,45.9487190246582,46.12660712082418,44.46463189348064,44.49061687587423,478204000
2023-07-14,45.441036224365234,48.058424899375176,45.03228738185656,46.554349476742395,772075000
2023-07-17,46.43242263793945,46.46740095865017,45.23416258534188,46.26053135464742,510488000
2023-07-18,47.46479034423828,47.866543538451424,45.705874433801,46.67227877667429,569164000
2023-07-19,47.04804611206055,47.788591506668375,46.713253060545895,47.434809134176305,427502000
2023-07-20,45.49200439453125,47.05804198800248,45.03428589424559,46.47839687416602,537865000
2023-07-21,44.28174591064453,45.83779129900454,44.07287482183486,45.759836344927365,963769000
2023-07-24,44.58456802368164,45.08126407011312,44.0129211439078,44.703494333250056,382516000
2023-07-25,45.65090560913086,46.154593423869336,44.89537007467214,44.91336055906323,348081000
2023-07-26,45.424049377441406,46.02468153648156,44.602556261685095,45.99269972014387,364237000
2023-07-27,45.87177276611328,47.36585226522474,45.72186349201864,46.49039155914302,455976000
2023-07-28,46.72124481201172,46.998074860661916,46.35247229657418,46.63929451694762,331194000
2023-07-31,46.70025634765625,47.101010662202654,46.47739394545159,46.72524249470283,251055000
2023-08-01,46.4783935546875,46.87115337617215,45.998689259747614,46.431421579880784,237858000
2023-08-02,44.24177932739258,45.811812441714785,43.36032171305953,45.802819104407256,530142000
2023-08-03,44.48762130737305,45.0902510844573,43.77306090168559,43.77306090168559,324176000
2023-08-04,44.65251541137695,45.61392162433643,44.36569320982408,44.95732809567227,362666000
2023-08-07,45.389068603515625,45.51199405712685,44.53559371747799,45.08325703587893,322154000
2023-08-08,44.636539459228516,45.2141831870071,44.028911584781994,44.825422427653535,353843000
2023-08-09,42.52783203125,44.28475035974044,42.10808833020014,44.24677171513359,586449000
2023-08-10,42.3619384765625,43.54721009493607,41.80927708240051,42.13407802054062,492705000
2023-08-11,40.82987594604492,41.99216277740491,40.614009170747266,41.725324863422806,533085000
2023-08-14,43.72608947753906,43.77306145616608,40.28620883934567,40.46110044875355,690286000
2023-08-15,43.9129753112793,45.24016151262856,43.68311721989351,44.5325967531205,676512000
2023-08-16,43.45925521850586,44.64752313399485,43.37930259032958,44.49261968234225,527451000
2023-08-17,43.31734085083008,44.03489771419594,42.97454951240832,43.94295524890926,452395000
2023-08-18,43.272369384765625,43.551197119018596,41.634377488176604,42.6087763040824,583768000
2023-08-21,46.938114166259766,47.03605346889401,44.19480341942979,44.46663549789338,692573000
2023-08-22,45.639915466308594,48.15736739909562,45.30512239146773,48.10539742487358,755293000
2023-08-23,47.08702850341797,47.17097648405538,45.18020082751445,45.83779715485904,779046000
2023-08-24,47.133995056152344,50.235087489831194,47.129999711888594,50.185119000074536,1156044000
2023-08-25,45.98969650268555,47.77559609257365,44.99630460484282,46.98308458817738,925341000
2023-08-28,46.80619430541992,46.951105584017796,44.860393165521366,46.453410769401096,685192000
2023-08-29,48.75399398803711,49.05081219163771,46.362464335996904,46.63729671198836,701397000
2023-08-30,49.233707427978516,49.896297948806584,48.3952226289244,49.01384148637176,735206000
2023-08-31,49.324649810791016,49.7134105431144,48.92789457736262,49.34963596255174,528570000
2023-09-01,48.47916793823242,49.76937439515169,48.11239304785446,49.73139956293517,463830000
2023-09-05,48.51814270019531,48.82095775430036,47.83056610340423,48.19334181684409,382653000
2023-09-06,47.03593063354492,48.52313691375408,46.555187876917,48.41519655177033,468670000
2023-09-07,46.21636962890625,46.31931540374203,45.12794901221637,45.500751421884246,433330000
2023-09-08,45.547725677490234,46.58117533674091,45.24688731005027,45.917531350279944,473069000
2023-09-11,45.153934478759766,46.13840655345878,44.28839467998301,46.12341515418564,473966000
2023-09-12,44.846099853515625,45.6486735552084,44.50727971333486,44.714170191091156,349256000
2023-09-13,45.46077346801758,45.905536138090774,44.47929426365029,44.57624271955083,398355000
2023-09-14,45.55672836303711,45.962510389736565,45.10696723572713,45.92553134363154,370097000
2023-09-15,43.87661361694336,45.574705966498,43.78465976320307,45.31684399659929,506831000
2023-09-18,43.94257736206055,44.21843130315232,41.977625116232176,42.72522772825451,500271000
2023-09-19,43.4968147277832,43.94257626263728,42.97908914206893,43.80964769928678,373064000
2023-09-20,42.21649932861328,43.8796144440897,42.20050901024611,43.57677443743624,367108000
2023-09-21,40.99515151977539,42.077574867465316,40.95817247753812,41.560851943830684,450736000
2023-09-22,41.587833404541016,42.09256543967266,41.20903369546633,41.549851635477154,479236000
2023-09-25,42.19951248168945,42.51334442024315,41.15506707113052,41.56884803680247,419091000
2023-09-26,41.888671875,42.797188016120394,41.632807736435275,41.97862408142771,402282000
2023-09-27,42.445377349853516,42.8491652954161,41.60682736570568,42.307454182067374,444935000
2023-09-28,43.06604766845703,43.42285594294353,42.09256748351192,42.437381113220574,424663000
2023-09-29,43.475830078125,44.120486965591965,43.283931008082554,43.8036544788931,397830000
2023-10-02,44.75814437866211,45.150932755154926,43.83763359767802,44.0065422837391,433298000
2023-10-03,43.493812561035156,45.10595593495173,43.222957040550035,44.78412508601,470850000
2023-10-04,44.01754379272461,44.11949065629647,43.26894216682684,43.71870325591972,361821000
2023-10-05,44.6641960144043,44.87608488910876,43.86462290853571,44.026535366332816,393483000
2023-10-06,45.73762130737305,45.764607350127264,44.00254610128737,44.169456948941246,434436000
2023-10-09,45.24888229370117,45.580706172342126,44.34436559905115,44.818112127505174,409675000
2023-10-10,45.77360153198242,46.23435447098409,45.06398069826679,45.28586255016455,368582000
2023-10-11,46.781063079833984,46.834036246261846,46.025465332904375,46.17138745746847,378137000
2023-10-12,46.91999435424805,47.58364213748823,46.30532407022369,46.75208457178931,481325000
2023-10-13,45.4367790222168,47.09089990753687,45.25587569463815,46.93498097351797,474115000
2023-10-16,46.07044982910156,46.200377842615175,44.88807745493638,45.03899800446754,375099000
2023-10-17,43.91459274291992,44.73015992833072,42.45736927666252,43.976559988324446,812333000
2023-10-18,42.17352294921875,43.195980659324874,41.802722183311644,42.56831300533291,627294000
2023-10-19,42.078575134277344,43.27393718803966,41.85969002338792,42.788196012329266,501233000
2023-10-20,41.36495590209961,42.447379216014696,41.056118571974906,41.867686327831784,477266000
2023-10-23,42.952110290527344,43.2249675157508,40.92319267438126,41.20704181448495,478530000
2023-10-24,43.639739990234375,43.6737222757847,42.668261441476595,43.05405360213857,401463000
2023-10-25,41.756744384765625,43.62674993181205,41.532864681698854,43.374881453196686,398379000
2023-10-26,40.30451965332031,42.23349189998,39.858758079391365,41.830706689092274,541001000
2023-10-27,40.47842788696289,41.18405312081342,39.993685609648104,41.1080933883064,416784000
2023-10-30,41.13907241821289,41.74374967108506,40.45943435606488,41.065114339868316,388028000
2023-10-31,40.758277893066406,40.85722799874781,39.20910424104983,40.42845564545798,517969000
2023-11-01,42.302459716796875,42.35842964883917,40.847233858365946,40.86222525978218,437593000
2023-11-02,43.48282241821289,43.8606193892192,42.87114895315602,43.304915845792905,409172000
2023-11-03,44.98102569580078,45.284860788211226,43.69970715705382,43.99654982171858,424610000
2023-11-06,45.72662353515625,45.91052742241196,44.875076287164106,45.26087221426332,400733000
2023-11-07,45.93052673339844,46.19338333802338,45.13395032175861,45.694652363241545,343165000
2023-11-08,46.5491943359375,46.84203754164232,45.943514307056816,46.07544396864159,346719000
2023-11-09,46.924991607666016,48.20430856187874,46.725097380403966,47.441714505916444,540496000
2023-11-10,48.30924987792969,48.446177931807874,47.257812163994814,47.47469561737959,421245000
2023-11-13,48.594093322753906,49.089831241135684,48.07337101242021,48.29425393067784,384136000
2023-11-14,49.62954330444336,49.80744987552175,49.01387417114993,49.65353259219839,416954000
2023-11-15,48.86195755004883,49.933385086001586,48.174324326387854,49.90840069125428,475497000
2023-11-16,49.453651428222656,49.49862944829598,48.304266091153586,48.653079272510546,339756000
2023-11-17,49.27174377441406,49.690519330165195,48.98089839763263,49.497621330678015,325205000
2023-11-20,50.38214874267578,50.52107463973848,49.154802228016756,49.28573296601089,414120000
2023-11-21,49.91739273071289,50.490085514630344,49.19577725200011,50.09929497773503,565747000
2023-11-22,48.69004821777344,50.30818524557121,47.66459379977652,49.825444647955656,899420000
2023-11-24,47.75055694580078,48.89494761148738,47.71957141185987,48.44418758672641,294645000
2023-11-27,48.21630096435547,48.50414574060009,47.626615118323514,47.774535085791925,395662000
2023-11-28,47.795528411865234,48.297263747956514,47.44771419292208,48.210308286887994,401491000
2023-11-29,48.11436080932617,48.73603118931914,47.834511152822905,48.353235748412,382005000
2023-11-30,46.74508285522461,48.08436909738108,46.397268685826546,47.99841256690644,526247000
2023-12-01,46.740089416503906,47.17485908076749,46.16239818011134,46.50021939065631,369317000
2023-12-04,45.48575210571289,46.05245136899975,44.98601848910901,46.05245136899975,437543000
2023-12-05,46.545291900634766,46.57927336285984,45.25086586250878,45.445778832214906,371718000
2023-12-06,45.48275375366211,47.36591823339589,45.39179463674292,47.193993872768374,380590000
2023-12-07,46.57527542114258,46.60826168882766,45.583716069310206,45.67967404093923,350823000
2023-12-08,47.484867095947266,47.71976316440486,46.52929109899644,46.57427306314803,359224000
2023-12-11,46.606258392333984,47.509855606149344,45.809615840333315,47.46987629673305,509728000
2023-12-12,47.635799407958984,47.64479427530774,46.02551606352427,46.02551606352427,372387000
2023-12-13,48.06661605834961,48.57239155389096,47.58682997648847,47.60782054607612,447792000
2023-12-14,48.3284912109375,48.64834856206219,47.40090641787607,48.36847433307818,391232000
2023-12-15,48.86825180053711,49.38202309847893,48.09859385972537,48.17256225420351,479948000
2023-12-18,50.054725646972656,50.41056629319065,49.12813983302007,49.378028634178875,412587000
2023-12-19,49.58193588256836,49.67789385217957,48.87325161681536,49.40201564279745,464444000
2023-12-20,48.08959197998047,49.97675235960813,48.07659727656144,49.63290366098113,397894000
2023-12-21,48.96820831298828,49.073161145828394,48.3974593653526,48.78928708762263,300425000
2023-12-22,48.80828094482422,49.361032545869435,48.4454396410346,49.173116447816035,252507000
2023-12-26,49.257076263427734,49.577932603982376,48.93821793497618,48.946213796388726,244200000
2023-12-27,49.39501953125,49.65790303902093,49.06316647009429,49.48897949003526,233648000
2023-12-28,49.49997329711914,49.861811801128255,49.39002161209968,49.62092167584078,246587000
2023-12-29,49.49997329711914,49.97476431761222,48.72931630882886,49.79084423414316,389293000
2024-01-02,48.14657211303711,49.27306967783242,47.57382895982364,49.22209367645226,411254000
2024-01-03,47.5478401184082,48.16256441258292,47.29895033204464,47.46387785018922,320896000
2024-01-04,47.976654052734375,48.478429690770945,47.486870301849585,47.74575398330261,306535000
2024-01-05,49.07516098022461,49.52496157552718,48.284512463803985,48.44044511624241,415039000
2024-01-08,52.22975158691406,52.251744971780205,49.45698744671696,49.48997371101603,642510000
2024-01-09,53.116363525390625,54.300837828077086,51.66700770075754,52.377693807569635,773100000
2024-01-10,54.32582473754883,54.57571354280526,53.465207631237654,53.59215385916433,533796000
2024-01-11,54.79761505126953,55.32138406257686,53.53617913526717,54.974538278058645,596759000
2024-01-12,54.6856575012207,54.94554395725101,54.30582931625337,54.59569739151791,352994000
2024-01-16,56.3569221496582,56.80971977782299,54.8755828754699,54.99353042144443,449580000
2024-01-17,56.02806854248047,56.44588188035791,54.71565285080781,56.321936487561636,474394000
2024-01-18,57.08160400390625,57.574384806310164,56.08204868565086,57.234535845583295,491650000
2024-01-19,59.464534759521484,59.47352962695146,57.1995402042503,57.96320025475475,543501000
2024-01-22,59.627464294433594,60.30416510647555,59.04372443283781,60.02228904980068,452955000
2024-01-23,59.846370697021484,59.883352989442805,58.558941562294194,59.54350406262355,294654000
2024-01-24,61.33470153808594,62.82103953170251,59.91133524326615,60.27717355032384,560271000
2024-01-25,61.5895881652832,62.69109909282732,60.82292728649608,62.3222599605724,482777000
2024-01-26,61.00385284423828,61.75552108430859,60.546060183592516,60.93288527775175,390309000
2024-01-29,62.43721389770508,62.46120148307655,60.8799082837458,61.20476066386155,348733000
2024-01-30,62.74607849121094,63.46476047335504,62.23230716218185,62.8720257145649,410735000
2024-01-31,61.499629974365234,62.241300473230424,60.67299820310047,61.412666876814875,453795000
2024-02-01,62.998966217041016,63.162894734552545,61.622579800424674,62.07237659144927,369146000
2024-02-02,66.13057708740234,66.57037619899856,63.661670658163956,63.94554473750389,476578000
2024-02-05,69.3011703491211,69.46609789244776,67.17511727638595,68.19466034985767,680078000
2024-02-06,68.19265747070312,69.72297479094898,66.27051620023909,69.59902939073692,683111000
2024-02-07,70.06781005859375,70.18875841866728,67.5699213830753,68.28860324951218,495575000
2024-02-08,69.61001586914062,70.76250278254372,69.42410160910691,70.04282188718702,414422000
2024-02-09,72.10092163085938,72.15289282978941,70.1807707609263,70.50162714005796,436637000
2024-02-12,72.21586608886719,74.57781401880388,71.21830888867534,72.56770690031318,613710000
2024-02-13,72.0959243774414,73.41733510553199,69.58904403080706,70.36869595920534,602580000
2024-02-14,73.86714172363281,74.20299085628308,71.90601614461964,73.16945404316262,504917000
2024-02-15,72.62567138671875,73.94208679193868,72.36779056421109,73.83613877126506,420122000
2024-02-16,72.58069610595703,74.36890170975214,72.46874641870774,74.06703410620473,495327000
2024-02-20,69.42110443115234,71.9239882106181,67.70386644737499,71.91498953034679,704833000
2024-02-21,67.4419937133789,68.85736435043377,66.21853903151819,67.97575281438615,690298000
2024-02-22,78.5030746459961,78.54005312771558,74.18699415098794,74.99163645696194,865100000
2024-02-23,78.78193664550781,82.35734113444056,77.53548977298179,80.75405845544982,829388000
2024-02-26,79.05682373046875,80.6101333847281,78.47007920802383,79.6645473818615,503973000
2024-02-27,78.6659927368164,79.44465321768179,77.12768339613434,79.34569059981222,391705000
2024-02-28,77.62844848632812,78.89788008731253,77.09068583798036,77.58546834982079,393110000
2024-02-29,79.07681274414062,79.95442058749313,78.31515062293454,79.05882300732509,507289000
2024-03-01,82.24240112304688,82.26339550360602,79.3996643825277,79.96441550736878,479135000
2024-03-04,85.1990737915039,87.65598030134815,83.68175147430307,84.09256408758873,615616000
2024-03-05,85.92979431152344,86.0627446282655,83.38381061731276,85.23607018990775,520639000
2024-03-06,88.66470336914062,89.68829799563825,86.99536968964857,87.98697936730527,582520000
2024-03-07,92.63211822509766,92.73007879589166,89.5663374903336,90.12211596889982,608119000
2024-03-08,87.49317932128906,97.36125367062506,86.471582722722,95.10015250661483,1142269000
2024-03-11,85.7398681640625,88.76166015314031,84.13250636211416,86.39460628547256,678364000
2024-03-12,91.87643432617188,91.92341269864875,86.11572665391354,88.01397320906432,668075000
2024-03-13,90.85183715820312,91.4675893741384,88.39981025124858,91.0187705277177,635713000
2024-03-14,87.90900421142578,90.60993246753917,86.56553726731572,89.54135761646017,602318000
2024-03-15,87.80204010009766,89.51035957614793,86.22267471383468,86.89540339171198,642086000
2024-03-18,88.4197998046875,92.3682247909847,87.05034227173738,90.35202919541369,668976000
2024-03-19,89.36244201660156,90.50798225768641,84.97618698079455,86.66550954911943,672171000
2024-03-20,90.33604431152344,90.37403120538988,88.18789728423222,89.76126851749964,479063000
2024-03-21,91.39861297607422,92.61113535282396,90.36902406254626,92.26327425898415,480372000
2024-03-22,94.2514877319336,94.74029159257357,90.79786050463842,91.10473756876755,586719000
2024-03-25,94.96419525146484,96.72749325113482,93.47279218881877,93.90362043919335,552136000
2024-03-26,92.524169921875,96.33665544167545,92.4651952874423,95.81286185029995,513648000
2024-03-27,90.21408081054688,93.20288866545509,89.08753045086448,93.074941256308,586067000
2024-03-28,90.3200454711914,91.26367004870988,89.15750627580795,89.96418433554203,435212000
2024-04-01,90.32704162597656,92.18830020895638,89.16850623304367,90.26307172974768,452441000
2024-04-02,89.4164047241211,90.05814752237067,87.58513306363145,88.41279885088287,433064000
2024-04-03,88.92859649658203,90.33803909261785,88.36482555925463,88.44879176806333,370067000
2024-04-04,85.87081146240234,90.59793338323315,85.8458198862947,90.3700196658157,434965000
2024-04-05,87.97297668457031,88.44578800690704,85.8918045734179,86.83142527427668,399678000
2024-04-08,87.09832763671875,88.79465089246293,86.69748624318682,88.66469774661466,283220000
2024-04-09,85.32002258300781,87.60012052713442,82.98895768982644,87.40719655433202,503547000
2024-04-10,87.00436401367188,87.36522041356919,83.67568736757892,83.89260387924026,431929000
2024-04-11,90.57994079589844,90.7028929518332,86.89141424964939,87.38521335302488,431637000
2024-04-12,88.15090942382812,90.13912407740513,87.49517220347197,89.66330791705667,426805000
2024-04-15,85.9667739868164,90.57693808006732,85.89480404361007,89.06254160849194,443077000
2024-04-16,87.3802261352539,88.08294177522718,86.0297656543146,86.39861452972899,370453000
2024-04-17,84.00155639648438,88.73966766585035,83.9165835166389,88.30483561683317,495400000
2024-04-18,84.63731384277344,86.15571437475974,82.3692193017974,84.93619849437428,447260000
2024-04-19,76.16968536376953,84.2904542682202,75.57592750797775,83.11692530020838,875198000
2024-04-22,79.48635864257812,80.041138120895,76.36960303384217,78.07291978914027,596341000
2024-04-23,82.39020538330078,82.73606840189474,80.23206773575617,80.73686408123375,438559000
2024-04-24,79.64530181884766,84.04854803404984,79.15149506612265,83.91659676863443,512208000
2024-04-25,82.59912109375,83.2898403812615,78.19187140737442,78.83661137961147,424641000
2024-04-26,87.7000961303711,88.29585968893673,83.35382636513968,83.78465465211839,551011000
2024-04-29,87.72207641601562,87.95697586955025,85.23206289442511,87.56013832970822,388971000
2024-04-30,86.36762237548828,88.78366050463956,86.26566558321609,87.20528638548105,363709000
2024-05-01,83.00794982910156,85.96577177323404,81.22265755025684,85.04314260728708,559863000
2024-05-02,85.78285217285156,86.20268321187375,83.16688916320159,84.41539269757547,377898000
2024-05-03,88.75366973876953,89.24547072408387,87.00536516764065,87.75406766785412,398341000
2024-05-06,92.10334014892578,92.1833101500868,89.0195684762701,89.35443427647793,376203000
2024-05-07,90.5179672241211,91.7444763476329,88.97558195332661,91.06174947211589,437342000
2024-05-08,90.37602233886719,91.15770881690996,89.38441272091335,89.44739118815833,325721000
2024-05-09,88.7116928100586,91.03576473617252,88.19589926476827,90.49298150601264,378013000
2024-05-10,89.84222412109375,91.3646205433242,89.19148226311106,90.26905611419771,335325000
2024-05-13,90.363037109375,90.9617978228875,88.49377833765243,90.44200043253207,289680000
2024-05-14,91.31965637207031,91.61453717454157,88.89861527885883,89.56335162049751,296507000
2024-05-15,94.59234619140625,94.82425614143621,91.56255392471043,92.43520767663021,417735000
2024-05-16,94.32144927978516,95.78086733108053,94.06554682786754,94.87223250076393,323952000
2024-05-17,92.44219207763672,94.70229384560606,91.76946339148994,94.33144692377931,359691000
2024-05-20,94.7422866821289,95.16211773763297,93.40282351656103,93.71269772995323,318764000
2024-05-21,95.34805297851562,95.3620473477093,93.14292933791309,93.56176136066378,328946000
2024-05-22,94.91222381591797,95.98179784206016,93.21190410961067,95.42102400934887,548648000
2024-05-23,103.75769805908203,106.27769095331759,101.47959800397635,101.98739908517513,835065000
2024-05-24,106.4266357421875,106.43263006008718,102.95901435352869,104.40743526760016,429494000
2024-05-28,113.85568237304688,114.89327138994341,109.83928330076252,110.200139728129,652728000
2024-05-29,114.77930450439453,115.44603890128045,110.85687001297053,113.00501693328442,557442000
2024-05-30,110.4560317993164,115.77291560119305,109.61936685687397,114.60438203017335,487350000
2024-05-31,109.5893783569336,112.6721508136538,106.89744915530943,112.47522298026993,613263000
2024-06-03,114.9542465209961,114.9542465209961,111.95843724915099,113.57579736127923,438392000
2024-06-04,116.39067077636719,116.55360793846174,113.99962416702796,115.66996458903934,403324000
2024-06-05,122.39127349853516,122.40026497481516,117.42125214406589,118.32389264410774,528402000
2024-06-06,120.94984436035156,125.53701484447701,118.27290879078443,123.99862589628712,664696000
2024-06-07,120.83989715576172,121.64357808503144,117.9750402689876,119.72233818274681,412386000
2024-06-10,121.74153900146484,123.05101529403815,116.9634422493321,120.32210586929361,314162700
2024-06-11,120.87181854248047,122.8311986310285,118.7024980632085,121.73153992527472,222551200
2024-06-12,125.16045379638672,126.83992349046981,122.53128720098238,123.02113030388603,299595000
2024-06-13,129.56906127929688,129.75900370548197,127.11983820063014,129.34912954939512,260704500
2024-06-14,131.83836364746094,132.79805198433587,128.27949016143847,129.91897171973997,309320400
2024-06-17,130.9386444091797,133.68777621457593,129.53909250074847,132.94801960039305,288504400
2024-06-18,135.5371856689453,136.28694881895896,130.64873054101508,131.0985853802292,294335100
2024-06-20,130.7386932373047,140.71553688397165,129.47909668701024,139.75584863250057,517768400
2024-06-21,126.530029296875,130.58875234831092,124.26074951143192,127.07985865944181,655484700
2024-06-24,118.07270050048828,124.42069359285091,118.00272291214357,123.20107765857003,476060900
2024-06-25,126.0501708984375,126.46004506116948,119.28231255419921,121.16171601176531,425787500
2024-06-26,126.36009216308594,128.0795426859815,122.56128891907002,126.09017314140297,362975900
2024-06-27,123.95084381103516,126.37008541035671,122.88118200495357,124.0608096849582,252571700
2024-06-28,123.50098419189453,127.66966538119843,122.71123277650611,124.5406566516343,315516700
2024-07-01,124.26074981689453,124.80057257621507,118.79247599150393,123.43101009570317,284885500
2024-07-02,122.63126373291016,123.37103556099011,120.99178219157349,121.09174909004807,218374000
2024-07-03,128.23948669433594,128.23948669433594,121.32167392885506,121.62158223669927,215749000
2024-07-05,125.7902603149414,128.8093107644133,125.64030616479143,127.33976619453144,214176700
2024-07-08,128.1595001220703,130.72869561210538,126.99987051805138,127.44972531770834,237677300
2024-07-09,131.33851623535156,133.77774814549483,128.60936736242857,130.30884272059,285366600
2024-07-10,134.86740112304688,135.0573435645553,132.37818193596397,133.98767413246904,248978600
2024-07-11,127.35977935791016,136.10700921942112,127.00989138376745,135.70714160724992,374782700
2024-07-12,129.19918823242188,131.87833449876962,127.17982192837307,128.21948675833656,252680500
2024-07-15,128.39944458007812,131.34850999947517,127.13984031827107,130.5187702604364,208326200
2024-07-16,126.3200912475586,128.99923747826654,124.54065466054338,128.39943613379464,214769500
2024-07-17,117.95272827148438,121.81150962044453,116.6831327832442,121.31166755583294,390086200
2024-07-18,121.05175018310547,122.36134160725938,116.52318219941294,121.81151227341788,320979500
2024-07-19,117.89276123046875,121.56160051418016,117.33294050381654,120.31199523005621,217223800
2024-07-22,123.50098419189453,124.03081558560177,119.82214611396347,120.31198922533628,258068900
2024-07-23,122.55128479003906,124.65062775227732,122.06144165810996,122.74122723235222,173911000
2024-07-24,114.21391296386719,119.91210950952006,113.404171251323,119.13235710085017,327776900
2024-07-25,112.24453735351562,116.59316196631043,106.26643028982559,113.00429945804284,460067000
2024-07-26,113.02428436279297,116.16329189488403,111.54475613373563,116.15330054509556,293399100
2024-07-29,111.55475616455078,116.24327750097967,111.26485445843416,113.65409908515099,248152100
2024-07-30,103.6972427368164,111.95462852357666,102.50761612898444,111.48477574142504,486833300
2024-07-31,116.98303985595703,118.30262267375933,110.84497957634794,112.86434589914217,473174200
2024-08-01,109.1755142211914,120.12206115379604,106.77627053548454,117.49288673851923,523462300
2024-08-02,107.23611450195312,108.68566108330708,101.33798416873923,103.72722865674588,482027500
2024-08-05,100.41827392578125,103.37734584261189,90.66136171396138,92.03092417423306,552842400
2024-08-06,104.21707916259766,107.67598562292382,100.51825062680557,103.80720497448247,409012100
2024-08-07,98.87876892089844,108.76564515252367,98.65883717427215,107.7759522927054,411440400
2024-08-08,104.93685150146484,105.4666829061735,97.48919964896103,101.96778821260376,391910000
2024-08-09,104.71692657470703,106.5663409363095,103.39734365230565,105.60664495883447,290844200
2024-08-12,108.98556518554688,111.03492079100891,106.22644235947173,106.28642096921708,325559900
2024-08-13,116.10331726074219,116.19329280080893,111.54475995028979,112.4044889345572,312646700
2024-08-14,118.04270935058594,118.56254176631195,114.03397366865786,118.49256417906065,339246400
2024-08-15,122.82120513916016,123.20108240094191,117.43290774825016,118.722501320516,318086700
2024-08-16,124.54065704345703,124.96052256881184,121.14172930418835,121.90149141696253,302589900
2024-08-19,129.9589385986328,129.9589385986328,123.38101510677953,124.24074407997541,318333600
2024-08-20,127.20980834960938,129.8389825507969,125.85023729264927,128.3594390228903,300087400
2024-08-21,128.4594268798828,129.30916459896468,126.62001151002669,127.27979915287139,257883600
2024-08-22,123.700927734375,130.70871650633163,123.0611304205258,129.97895127037188,376189100
2024-08-23,129.32913208007812,129.5590704147264,125.18044900805843,125.8202462463596,323230300
2024-08-26,126.42005920410156,131.21853864319473,124.33072295006603,129.52908520948145,331964700
2024-08-27,128.25949096679688,129.15920068067538,123.84088083210607,125.01051718872198,303134600
2024-08-28,125.5703353881836,128.28947768481862,122.60127203673997,128.07953728703234,448101100
2024-08-29,117.55286407470703,124.39070812333074,116.67314470453282,121.32167786502487,453023300
2024-08-30,119.33230590820312,121.71155156264531,117.18298334905096,119.49225141445028,333751600
2024-09-03,107.96588897705078,116.17329499238285,107.25611414068058,115.97336121173781,477155100
2024-09-04,106.17645263671875,113.23422029378455,104.08711642455602,105.37670989305681,372470300
2024-09-05,107.17613983154297,109.61537166703076,104.7269166457022,104.9568397355808,306850700
2024-09-06,102.79752349853516,108.11584289854254,100.91811240569285,108.00587703132368,413638100
2024-09-09,106.4363784790039,106.51635504584455,103.65725761066608,104.84687662773341,273912000
2024-09-10,108.06585693359375,109.36544940156337,104.91685028196345,107.77594760990868,268283700
2024-09-11,116.87307739257812,117.15298773367408,107.38606933752642,109.35544832921772,441422400
2024-09-12,119.11256408691406,120.76218565399151,115.35342779588602,116.81309067491064,367100500
2024-09-13,119.07256317138672,119.9323656761346,117.57290870417117,119.05257113465082,238358300
2024-09-16,116.75309753417969,118.15277655804964,114.33365683196332,116.76309736633479,248772300
2024-09-17,115.5633773803711,118.77264486908852,114.80355789094266,118.14278506866847,231925900
2024-09-18,113.3438949584961,117.67289201304244,113.19392797621738,115.86331127575549,310318900
2024-09-19,117.84284973144531,119.63243829505257,117.22298981122768,117.32296524929194,293506400
2024-09-20,115.97328186035156,118.59268114487098,115.36342175070251,117.03303527099015,382462400
2024-09-23,116.23323059082031,116.96305822001592,114.83355144756428,116.52316472695202,206228500
2024-09-24,120.8421630859375,121.77194918665968,115.35342209088209,116.4931589075561,354966800
2024-09-25,123.48155975341797,124.91123075234002,121.58199576757475,121.99189738474502,284692900
2024-09-26,124.01143646240234,127.64059778478497,121.77195443476235,126.77080301373226,302582900
2024-09-27,121.3720474243164,124.00143908292871,119.23254080039722,123.94145533963831,271009200
2024-09-30,121.41203308105469,121.47201682135709,118.12278989954673,118.28274908289889,226553700
2024-10-01,116.97305297851562,122.41180249801877,115.76333257670387,121.74195101301775,302094500
2024-10-02,118.82262420654297,119.3525009132392,115.11347963203208,116.41318325903728,221845900
2024-10-03,122.82170867919922,124.33136309340041,120.31228454416183,120.89215281287986,277118000
2024-10-04,124.89122772216797,125.01120283080023,121.80194304435166,124.91122738742537,243678100
2024-10-07,127.69059753417969,130.6099234614245,124.92123097183868,124.96122267835906,346250200
2024-10-08,132.85939025878906,133.4492507002601,129.39018829854146,130.22999115642648,285722500
2024-10-09,132.61944580078125,134.48902553025528,131.34974925411063,134.07911628828677,246191600
2024-10-10,134.77896118164062,134.96891988009384,130.9698407725355,131.8796349307713,242311300
2024-10-11,134.7689666748047,135.74873676795113,133.6292297588208,133.97914002159231,170209500
2024-10-14,138.03822326660156,139.5678698363904,136.26862645350758,136.43858548845338,232347700
2024-10-15,131.5697021484375,138.53809836462625,128.7103601195905,137.8382473516489,377831000
2024-10-16,135.68873596191406,136.58852253050404,131.5496902869071,133.94913130666296,264879700
2024-10-17,136.89846801757812,140.8575630403271,136.83848427190068,139.30791683746315,306435900
2024-10-18,137.9682159423828,138.86800255294065,137.24838055182667,138.63805979784692,176090200
2024-10-21,143.67691040039062,143.67691040039062,137.96821869705386,138.09819363983328,264554500
2024-10-22,143.55694580078125,144.3867565878425,141.74736485471627,142.8771096409394,226311600
2024-10-23,139.52786254882812,142.3971968224879,137.42835524686083,141.99729502838238,285930000
2024-10-24,140.37767028808594,141.31745626734755,138.4281223817854,140.78757953525755,172354900
2024-10-25,141.5074005126953,144.096815700832,140.76758067774944,140.89754036873228,205122100
2024-10-28,140.48764038085938,143.10703207337144,140.0177474085771,142.96706492770915,173586700
2024-10-29,141.21746826171875,142.22723015349655,138.86800339560858,140.25768265006158,157593600
2024-10-30,139.3079071044922,140.29768460484607,136.778490969974,139.50785799453917,179418100
2024-10-31,132.72943115234375,137.57832071125284,132.07958689426476,137.5683285053032,270039600
2024-11-01,135.3688201904297,137.27838410441936,134.5390247094388,134.66898440540822,207127800
2024-11-04,136.0186767578125,138.9280103748792,135.53879155204424,137.17841332242185,187528200
2024-11-05,139.87777709960938,140.33766260126754,137.29836954050154,137.41833701827767,160537400
2024-11-06,145.57644653320312,146.4562486294515,141.92729373400795,142.92706329600915,242043900
2024-11-07,148.84573364257812,148.8957099286715,146.1363507552026,146.35630133300918,207323300
2024-11-08,147.5959930419922,149.73549940640058,146.226298296804,148.73572979209249,175665800
2024-11-11,145.22654724121094,148.81573220925225,143.5369491915439,148.64575792845778,182325600
2024-11-12,148.25582885742188,149.61551613817602,145.97635536546252,146.74618223717314,198634700
2024-11-13,146.23631286621094,149.29560559389023,145.8663877173454,149.03567097343083,191903300
2024-11-14,146.7261962890625,148.9656859182561,145.51648348999578,147.60599851040197,194463300
2024-11-15,141.94729614257812,145.20655509140138,140.04773983599173,144.83662993296312,250132900
2024-11-18,140.11770629882812,141.51739292157006,137.11839743544738,139.46786214720512,221866000
2024-11-19,146.97613525390625,147.0961179891657,140.9575327604593,141.28745858569204,227834900
2024-11-20,145.8563995361328,147.52601308862683,142.69712365290204,147.37605373716247,309871700
2024-11-21,146.63623046875,152.85479966423284,140.6676037159947,149.3156213875326,400946600
2024-11-22,141.9173126220703,147.12611971943554,141.0675174897679,145.89639194607773,236406200
2024-11-25,135.98867797851562,142.01728800977313,135.78872709087477,141.95730426900835,344941900
2024-11-26,136.8884735107422,139.2679304177918,135.6387613125482,137.66829270199315,190287700
2024-11-27,135.30882263183594,137.1883944813901,131.7696447344509,134.97889681216265,226370900
2024-11-29,138.21817016601562,139.3179230108574,136.018679731608,136.74850738939793,141863200
2024-12-02,138.59808349609375,140.41765648435037,137.7882724501192,138.79803439240126,171682800
2024-12-03,140.2277069091797,140.50764123326277,137.91824110785586,138.22816730557096,164414000
2024-12-04,145.10658264160156,145.75642688476938,140.25769319395386,141.9673061992379,231224300
2024-12-05,145.03659057617188,146.51634749056768,143.9267690762933,145.08658555940238,172621200
2024-12-06,142.41702270507812,145.67649127950102,141.28720012508654,144.57667789545363,188505600
2024-12-09,138.78758239746094,139.92739769900004,137.10786100838232,138.9475602220375,189308600
2024-12-10,135.04820251464844,141.79711283924593,133.76839511357173,138.9875536517665,210020900
2024-12-11,139.28750610351562,140.14736786765778,135.1881771980721,137.3378239802647,184905200
2024-12-12,137.3178253173828,138.41765384511186,135.77808063488797,137.05787278188586,159211400
2024-12-13,134.22833251953125,139.5774751507731,132.51860179476702,138.91757801094644,231514900
2024-12-16,131.9786834716797,134.3782897959075,130.39893679330513,134.1583241029487,237951100
2024-12-17,130.36895751953125,131.56876081657285,126.83952839876781,129.06916425760008,259410300
2024-12-18,128.88919067382812,136.6779262372523,128.25928750759206,133.83838842708505,277444500
2024-12-19,130.6588897705078,134.00835489709178,129.52908262326224,131.73871719708123,209719200
2024-12-20,134.67825317382812,135.2581613788304,128.19930347129645,129.78904314606552,306528600
2024-12-23,139.64744567871094,139.7674214203078,135.098177315152,136.25799367167244,176053500
2024-12-24,140.19737243652344,141.8770939941236,138.6276184809867,139.97740671974344,105157000
2024-12-26,139.90740966796875,140.8272746166671,137.70776777261636,139.67745105895742,116205600
2024-12-27,136.9878692626953,138.99755443917667,134.6882528863639,138.52762911725588,170582600
2024-12-30,137.46780395507812,140.24735382720857,133.9983630613892,134.80822982362736,167734700
2024-12-31,134.26832580566406,138.0477299443946,133.80840856948805,138.0077278547889,155659200
2025-01-02,138.2876739501953,138.85758927368732,134.608275235204,135.97804923146714,198247200
2025-01-03,144.44668579101562,144.87660907201655,139.70744526818353,139.9873988596089,229322500
2025-01-06,149.40586853027344,152.13543878056797,147.79614309655065,148.5660078023331,265377400
2025-01-07,140.11737060546875,153.1052785673635,139.9873867148958,153.00528861210353,351782200
2025-01-08,140.08738708496094,143.92676365371082,137.53779559953318,142.55698965149892,227349900
2025-01-10,135.88807678222656,139.89742434133598,134.1983469953677,137.42782161536184,207602500
2025-01-13,133.20849609375,133.46846390099535,129.4890951782822,129.96902870412282,204808900
2025-01-14,131.7387237548828,136.357988296776,130.02900835327767,136.02803973976037,195590500
2025-01-15,136.218017578125,136.42797514246556,131.26880425867054,133.6284239860889,185217300
2025-01-16,133.54844665527344,138.72760318445665,133.46845773799356,138.61762033023757,209235600
2025-01-17,137.68777465820312,138.47764040694682,135.43813790068955,136.6679350563591,201188800
2025-01-21,140.80726623535156,141.80710479535009,137.06786452867982,139.1375376709131,197749000
2025-01-22,147.04627990722656,147.76614971080585,143.64681928959496,144.63666506104835,237651400
2025-01-23,147.1962432861328,147.20623618008437,143.6968081059284,145.02659530516527,155915500
2025-01-24,142.5969696044922,148.9459505211395,141.8570988390214,148.34604128656673,234657600
2025-01-27,118.40088653564453,128.37927160601726,116.68116290346629,124.77986175863892,818830900
2025-01-28,128.9691925048828,128.97918539907013,116.23124265613879,121.79034308969104,579666400
2025-01-29,123.6800308227539,126.86951837337095,120.03062606319732,126.47958193260648,467120600
2025-01-30,124.62987518310547,124.97981714548027,118.08092971341723,123.08012239923644,392925500
2025-01-31,120.05062103271484,127.82936416140842,119.17076580619347,123.7600213429819,390372900
2025-02-03,116.64117431640625,118.55086206886682,112.99176191394916,114.73147893578255,371235700
2025-02-04,118.63085174560547,121.18043560579926,116.6811618932845,116.94112206589325,256550000
2025-02-05,124.80985260009766,124.97982332906605,120.74050985762979,121.74034844426231,262230800
2025-02-06,128.65921020507812,128.74920726442895,125.18977703531333,127.39941919373811,251483600
2025-02-07,129.81903076171875,130.34894396083934,124.97981594966575,129.19913575663247,228186300
2025-02-10,133.54844665527344,134.97820850379568,129.93902876577076,130.0689974070653,216989100
2025-02-11,132.77857971191406,134.45830137072844,130.99886808260132,132.5586139818797,178902400
2025-02-12,131.11883544921875,132.21866402899062,129.0591703419428,129.9990210816885,160278600
2025-02-13,135.26815795898438,136.477969382041,131.1488277944593,131.5387642395835,197430000
2025-02-14,138.8275909423828,139.22752026611062,135.4781256449407,136.45796316750187,195479600
2025-02-18,139.37750244140625,143.41685915221993,137.90773839766058,141.2472111010542,219176600
2025-02-19,139.20751953125,141.33718056281413,137.1978495021305,139.48747310974449,167536000
2025-02-20,140.08738708496094,140.637301367124,136.7679156045049,140.0073981660712,143903600
2025-02-21,134.40829467773438,141.4371740194045,134.00836534323213,140.0173897923713,228217600
2025-02-24,130.25897216796875,138.56762852998253,130.0590074983429,136.53795738344377,251381100
2025-02-25,126.60955810546875,130.17898157227808,124.41991677706234,129.9590158616247,271428700
2025-02-26,131.25881958007812,133.70842127410083,128.4692763992483,129.96903440656757,322553800
2025-02-27,120.13060760498047,134.98820197149917,119.99063081322677,134.97820907791893,443175800
2025-02-28,124.89983367919922,125.06980440717122,116.38121232741895,118.00094594624423,389091100
2025-03-03,114.04158782958984,123.68003128569312,112.26187634904674,123.49006713958599,411381400
2025-03-04,115.97127532958984,119.29073912641502,110.09222719636827,110.63214094760745,398163300
2025-03-05,117.28106689453125,118.26090441787001,114.49151637878758,117.56102047262804,284337900
2025-03-06,110.55215454101562,115.33138186500223,110.20221255397621,113.51167590423404,321181900
2025-03-07,112.67181396484375,113.46168737204893,107.54263707893918,111.232043943795,341755500
2025-03-10,106.96273040771484,111.83193921740828,105.44297155454524,109.88225711490554,366487400
2025-03-11,108.74244689941406,112.2218809117277,104.75308544348755,106.97272832797886,354865700
2025-03-12,115.73196411132812,116.75189758318456,112.87216201952944,114.1120814413496,323857500
2025-03-13,115.57197570800781,117.75182462929007,113.7820990939805,117.02187196535417,299033100
2025-03-14,121.66155242919922,121.87153693655638,118.1418001271865,118.6017672807591,277593500
2025-03-17,119.52169799804688,122.88146527258023,118.02180216580395,122.73147416358299,255501500
2025-03-18,115.42198181152344,119.01172876569431,114.53204424682897,117.99180297800854,299686900
2025-03-19,117.51183319091797,120.44162996547794,115.67196466720779,117.26185055700965,273426200
2025-03-20,118.52176666259766,120.19164884723557,116.46191217445423,116.54190844924116,248829700
2025-03-21,117.69182586669922,117.98180664950618,115.41198537165405,116.93188412092742,266498500
2025-03-24,121.40157318115234,122.21151449504808,119.33170959432591,119.87167301321132,228452500
2025-03-25,120.68162536621094,121.28158219452679,118.9117439494844,120.5416356938994,167447200
2025-03-26,113.75210571289062,118.83174729689935,112.70217554499752,118.72176195088541,293463300
2025-03-27,111.4222640991211,114.4420510740887,110.6523209143036,111.34226782232153,236902100
2025-03-28,109.66238403320312,112.86216644188174,109.06242721559616,111.48225736963437,229872500
2025-03-31,108.37247467041016,110.95229742526604,103.642807248706,105.12270025073305,299212700
2025-04-01,110.14234924316406,110.19234119227177,106.46260459302538,108.51245759918966,222614000
2025-04-02,110.4123306274414,111.97222748899677,106.78258544027105,107.28255072037597,220601200
2025-04-03,101.79293060302734,105.62265871984647,101.59293992049946,103.50281088710224,338769400
2025-04-04,94.30345153808594,100.12304726897904,92.10360729078229,98.90313835695446,532273800
2025-04-07,97.63321685791016,101.7429319683666,86.61398571543218,87.45392370324234,611041300
2025-04-08,96.29331970214844,105.84265234199715,94.45344343361101,103.80279300527448,476243400
2025-04-09,114.32205963134766,115.0920027848049,97.52322363090776,98.88312976565122,612918300
2025-04-10,107.56253051757812,110.85230299023063,99.14311699545735,109.36240858521514,437812400
2025-04-11,110.92229461669922,111.54225429514813,107.47253732050476,108.49246311009279,313417300
2025-04-14,110.70230865478516,114.282061802319,109.06242318709587,114.10207400079875,264705000
2025-04-15,112.19220733642578,113.61211454925541,110.49232841239639,110.96229700273265,228966900
2025-04-16,104.48274230957031,106.78258565420647,100.44302192276541,104.54274333093115,397016900
2025-04-17,101.48294830322266,104.46274466720584,100.04305351417702,104.44274178425454,290833400
2025-04-21,96.90327453613281,99.43309764026857,95.03340163666236,98.76313836502491,288501100
2025-04-22,98.88313293457031,99.80306722318255,97.2732441150665,98.77313996214224,241004800
2025-04-23,102.70286560058594,104.79272441151089,102.01291108169299,104.51273745001276,247526000
2025-04-24,106.422607421875,106.53260039132012,103.10283834219908,103.47281538750215,220815000
2025-04-25,111.0022964477539,111.9122293136747,105.72266417620379,106.84258154964476,251064700
2025-04-28,108.72245025634766,110.36233572086073,106.01263179735646,109.68238265297498,207708500
2025-04-29,109.0124282836914,110.19234667117642,107.43254376799985,107.66252352883211,170444300
2025-04-30,108.91243743896484,108.91243743896484,104.07277707156662,104.46274938923446,235044600
2025-05-01,111.60224914550781,114.93201970345093,111.29227311666197,113.07214827264656,236121500
2025-05-02,114.49205017089844,115.39198920893173,113.36213137411846,114.17207269391602,190194800
2025-05-05,113.81209564208984,114.6620350893898,112.65218016349414,112.90216280263321,133163200
2025-05-06,113.53211975097656,114.73203340369881,110.81230733401684,111.47226518321953,158525600
2025-05-07,117.05187225341797,117.67183196470502,112.27220526080853,113.04215608614977,206758800
2025-05-08,117.36185455322266,118.67176116768113,115.84195580422112,118.24179071447391,198428100
2025-05-09,116.64189910888672,118.2217911942619,115.20199668891294,117.34184743589364,132972200
2025-05-12,122.99146270751953,122.99146270751953,120.27165027906005,121.96153541928634,225023300
2025-05-13,129.9209747314453,131.21089374180312,124.46136223351174,124.97132897244262,330430100
2025-05-14,135.33059692382812,135.43059608188196,131.67084745036084,133.19074615794872,281180800
2025-05-15,134.8206329345703,136.29053200968949,132.65078555171073,134.2806619130786,226632600
2025-05-16,135.39059448242188,136.34054073998118,133.45074197294815,136.21054488205627,226542500
2025-05-19,135.5605926513672,135.86055961165334,132.38080555276906,132.38080555276906,193154600
2025-05-20,134.37066650390625,134.5706495538956,132.610779045451,134.28066116234166,161514200
2025-05-21,131.7908477783203,137.39044962876582,130.58092511560693,133.0507547616815,270608700
2025-05-22,132.82078552246094,134.2406851659139,131.54087555490528,132.22082104991222,187344000
2025-05-23,131.2808837890625,132.67078673422913,129.15104195341007,129.99098000853303,198821300
2025-05-27,135.49058532714844,135.65057787204648,133.300735049259,134.14067302338051,192953600
2025-05-28,134.80064392089844,137.24047706552236,134.7806410364111,136.0205604932104,304021100
2025-05-29,139.1803436279297,143.48004828952517,137.90043367160317,142.24012884407688,369241900
2025-05-30,135.12062072753906,139.61029915281162,132.91076748843994,138.7103677567503,333170900
2025-06-02,137.37046813964844,138.11040700485356,135.39059460313518,135.48059995132564,197663100
2025-06-03,141.21018981933594,141.9901344074345,137.94041273370485,138.77035689954903,225578800
2025-06-04,141.91014099121094,142.38010956756776,139.53030141372145,142.18012651028872,167120800
2025-06-05,139.98028564453125,143.99000172763624,138.82036252431462,142.16012695808664,231397900
2025-06-06,141.7101593017578,143.26005471165655,141.50016717206393,142.50009772583994,153986200
2025-06-09,142.62010192871094,144.98993249459744,141.9301473949137,143.18006060607402,185114500
2025-06-10,143.95001220703125,144.279975869788,141.52017297716907,142.68009610535242,155881900
2025-06-11,142.8300018310547,144.99000549316406,141.8699951171875,144.61000061035156,167694000
2025-06-12,145.0,145.0,141.85000610351562,141.97000122070312,162365000
2025-06-13,141.97000122070312,143.5800018310547,140.85000610351562,142.47999572753906,180820600
2025-06-16,144.69000244140625,146.17999267578125,143.1999969482422,143.35000610351562,183133700
2025-06-17,144.1199951171875,145.22000122070312,143.77999877929688,144.49000549316406,139108000
2025-06-18,145.47999572753906,145.64999389648438,143.1199951171875,144.00999450683594,161494100
2025-06-20,143.85000610351562,146.1999969482422,142.64999389648438,145.4499969482422,242956200
2025-06-23,144.1699981689453,144.77999877929688,142.02999877929688,142.5,154308900
2025-06-24,147.89999389648438,147.9600067138672,145.5,145.55999755859375,187566100
2025-06-25,154.30999755859375,154.4499969482422,149.25999450683594,149.27000427246094,269146500
2025-06-26,155.02000427246094,156.72000122070312,154.0,155.97999572753906,198145700
2025-06-27,157.75,158.7100067138672,155.25999450683594,156.0399932861328,263234500
2025-06-30,157.99000549316406,158.66000366210938,155.9600067138672,158.39999389648438,194580300
2025-07-01,153.3000030517578,157.1999969482422,151.49000549316406,156.2899932861328,213143600
2025-07-02,157.25,157.60000610351562,152.97000122070312,152.97999572753906,171224100
2025-07-03,159.33999633789062,160.97999572753906,157.77000427246094,158.3699951171875,143716100
